{"cameraMode":{"drawMode":0,"name":"Shaded","section":"Shading Mode"},"sceneLighting":true,"audioPlay":false,"sceneViewState":{"showFog":true,"showMaterialUpdate":false,"showSkybox":false,"showFlares":true,"showImageEffects":true,"showParticleSystems":true},"in2DMode":false,"pivot":{"x":3.3287973403930666,"y":2.1640307903289797,"z":0.539182722568512},"rotation":{"x":-0.059238504618406299,"y":-0.5708146095275879,"z":0.041345249861478809,"w":-0.8179414868354797},"size":6.883676052093506,"orthographic":false}