{"cameraMode":{"drawMode":0,"name":"Shaded","section":"Shading Mode"},"sceneLighting":true,"audioPlay":false,"sceneViewState":{"showFog":true,"showMaterialUpdate":false,"showSkybox":true,"showFlares":true,"showImageEffects":true,"showParticleSystems":true},"in2DMode":false,"pivot":{"x":664.5695190429688,"y":-19.930824279785158,"z":20.969825744628908},"rotation":{"x":-0.24149106442928315,"y":-0.7320188879966736,"z":0.5500404238700867,"w":-0.321386456489563},"size":60.29008102416992,"orthographic":false}