{"cameraMode":{"drawMode":0,"name":"Shaded","section":"Shading Mode"},"sceneLighting":true,"audioPlay":false,"sceneViewState":{"showFog":true,"showMaterialUpdate":false,"showSkybox":true,"showFlares":true,"showImageEffects":true,"showParticleSystems":true},"in2DMode":false,"pivot":{"x":-1.3224048614501954,"y":4.723982334136963,"z":-7.568406105041504},"rotation":{"x":0.00006633815064560622,"y":0.9999120831489563,"z":0.004499652422964573,"w":-0.013175372034311295},"size":2.718764066696167,"orthographic":false}