{"cameraMode":{"drawMode":0,"name":"Shaded","section":"Shading Mode"},"sceneLighting":false,"audioPlay":false,"sceneViewState":{"showFog":true,"showMaterialUpdate":false,"showSkybox":false,"showFlares":true,"showImageEffects":true,"showParticleSystems":true},"in2DMode":false,"pivot":{"x":639.2463989257813,"y":18.555633544921876,"z":411.0488586425781},"rotation":{"x":-0.12320995330810547,"y":-0.6252058744430542,"z":0.10085995495319367,"w":-0.7641109228134155},"size":2.059201717376709,"orthographic":false}