{"cameraMode":{"drawMode":0,"name":"Shaded","section":"Shading Mode"},"sceneLighting":true,"audioPlay":false,"sceneViewState":{"showFog":true,"showMaterialUpdate":false,"showSkybox":true,"showFlares":true,"showImageEffects":true,"showParticleSystems":true},"in2DMode":false,"pivot":{"x":0.45457303524017336,"y":14.890920639038086,"z":7.423460483551025},"rotation":{"x":0.011218157596886158,"y":0.9379462599754334,"z":-0.030391592532396318,"w":0.34538212418556216},"size":1.3151683807373047,"orthographic":false}