{"cameraMode":{"drawMode":0,"name":"Shaded","section":"Shading Mode"},"sceneLighting":true,"audioPlay":false,"sceneViewState":{"showFog":true,"showMaterialUpdate":false,"showSkybox":true,"showFlares":true,"showImageEffects":true,"showParticleSystems":true},"in2DMode":false,"pivot":{"x":9.310218811035157,"y":5.101997375488281,"z":23.007007598876954},"rotation":{"x":-0.05870119854807854,"y":-0.7299855947494507,"z":0.06325612962245941,"w":-0.6780685186386108},"size":7.779716968536377,"orthographic":false}