{"cameraMode":{"drawMode":0,"name":"Shaded","section":"Shading Mode"},"sceneLighting":true,"audioPlay":false,"sceneViewState":{"showFog":true,"showMaterialUpdate":false,"showSkybox":true,"showFlares":true,"showImageEffects":true,"showParticleSystems":true},"in2DMode":false,"pivot":{"x":20.574974060058595,"y":-3.612776041030884,"z":-0.8537031412124634},"rotation":{"x":-0.08360892534255982,"y":-0.6793113350868225,"z":0.07845380902290344,"w":-0.7249149680137634},"size":15.042183876037598,"orthographic":false}