{"cameraMode":{"drawMode":0,"name":"Shaded","section":"Shading Mode"},"sceneLighting":true,"audioPlay":false,"sceneViewState":{"showFog":true,"showMaterialUpdate":false,"showSkybox":true,"showFlares":true,"showImageEffects":true,"showParticleSystems":true},"in2DMode":false,"pivot":{"x":5.569336891174316,"y":1.9463999271392823,"z":0.03399991989135742},"rotation":{"x":-0.45696112513542178,"y":0.2602611780166626,"z":-0.14180898666381837,"w":-0.8386569023132324},"size":4.221928596496582,"orthographic":false}