{"cameraMode":{"drawMode":0,"name":"Shaded","section":"Shading Mode"},"sceneLighting":true,"audioPlay":false,"sceneViewState":{"showFog":true,"showMaterialUpdate":false,"showSkybox":true,"showFlares":true,"showImageEffects":true,"showParticleSystems":true},"in2DMode":false,"pivot":{"x":656.2960815429688,"y":1.6923894882202149,"z":41.12435531616211},"rotation":{"x":0.02295149303972721,"y":-0.9299665689468384,"z":0.3621959090232849,"w":0.05894293636083603},"size":15.686973571777344,"orthographic":false}