{"cameraMode":{"drawMode":0,"name":"Shaded","section":"Shading Mode"},"sceneLighting":false,"audioPlay":false,"sceneViewState":{"showFog":true,"showMaterialUpdate":false,"showSkybox":false,"showFlares":true,"showImageEffects":true,"showParticleSystems":true},"in2DMode":false,"pivot":{"x":449.2205810546875,"y":18.56744384765625,"z":460.6557922363281},"rotation":{"x":0.0836031511425972,"y":-0.8973926305770874,"z":0.19290676712989808,"w":0.38807207345962527},"size":2.1091861724853517,"orthographic":false}