{"cameraMode":{"drawMode":0,"name":"Shaded","section":"Shading Mode"},"sceneLighting":false,"audioPlay":false,"sceneViewState":{"showFog":true,"showMaterialUpdate":false,"showSkybox":true,"showFlares":true,"showImageEffects":true,"showParticleSystems":true},"in2DMode":false,"pivot":{"x":2.6733644008636476,"y":8.390682220458985,"z":-5.343443870544434},"rotation":{"x":-0.12451190501451493,"y":-0.7974256277084351,"z":0.17663422226905824,"w":-0.5635070204734802},"size":2.5460703372955324,"orthographic":false}