{"cameraMode":{"drawMode":0,"name":"Shaded","section":"Shading Mode"},"sceneLighting":false,"audioPlay":false,"sceneViewState":{"showFog":true,"showMaterialUpdate":false,"showSkybox":true,"showFlares":true,"showImageEffects":true,"showParticleSystems":true},"in2DMode":false,"pivot":{"x":0.700401246547699,"y":3.0406622886657717,"z":-3.840280055999756},"rotation":{"x":0.000571214419323951,"y":-0.9931405186653137,"z":0.11704209446907044,"w":0.004757970105856657},"size":3.3442704677581789,"orthographic":false}